First Name,Last Name,Company Name,Role in Company,Address,Email,Phone Number
Carlos,Barros,Sound Warehouse,Dermatology nurse,"Rua Ana Cristina, 87",CarlosCunhaBarros@teleworm.us,(21) 3453-4516
Luiz,Carvalho,County Market,General trial court judge,"Rua Deusedino Corrêa, 1256",LuizCostaCarvalho@rhyta.com,(27) 9625-3822
Vitor,Rocha,Red Bears Tavern,Editor,"Rua José Luiz de Almeida, 461",VitorAraujoRocha@jourrapide.com,(82) 7915-5172
Luan,Ferreira,Audio Visions,Sales worker,"Rua do Meio, 1385",LuanOliveiraFerreira@dayrep.com,(27) 5358-5570
Kai,Ferreira,Allied Radio,Transportation engineer,"Praça Casuarina, 1876",KaiFernandesFerreira@dayrep.com,(43) 8393-4233
Vinicius,Cardoso,The White Swan,Loan collection officer,"Alameda Itajá, 1565",ViniciusCostaCardoso@dayrep.com,(64) 5249-4339
Sophia,Costa,Bombay Company,Brace maker,"Vila Mello Moraes Filho, 1305",SophiaCavalcantiCosta@teleworm.us,(71) 6337-2648
Brenda,Cardoso,Monk Home Loans,Hazardous materials removal worker,"Rua Luís Calmon, 1838",BrendaGoncalvesCardoso@rhyta.com,(73) 5647-3466
Thiago,Souza,Kleinhans,Tax assessor,"Praça Comendador Professor Teodoro C. Cintra, 1040",ThiagoRodriguesSouza@armyspy.com,(12) 7235-7249
Manuela,Goncalves,Monk Home Improvements,Government auditor,"Rua Dolores Duram, 40",ManuelaPintoGoncalves@jourrapide.com,(21) 7545-9439
Julieta,Melo,Warner Brothers Studio Store,Tool filer,"Rua E, 1811",JulietaCunhaMelo@dayrep.com,(34) 3145-6112
Julieta,Martins,Lawnscape Garden Maintenance,Yoga instructor,"Rua Nunes Machado, 1425",JulietaDiasMartins@armyspy.com,(19) 6010-8467
Murilo,Silva,Lechters Housewares,Medical doctor,"Rua Dona Guaraciaba, 851",MuriloLimaSilva@dayrep.com,(11) 7319-4386
Luís,Martins,Advansed Teksyztems,Water resources engineer,"Rua Sílvio Costa, 372",LuisGoncalvesMartins@dayrep.com,(32) 4892-9919
Igor,Dias,Gamma Realty,Industrial relations director,"Rua Henrique Novaes, 954",IgorCarvalhoDias@dayrep.com,(22) 5662-9556
Marina,Souza,King Carol,Multimedia artist,"1ª Travessa Jesus de Nazaré, 1916",MarinaAzevedoSouza@dayrep.com,(81) 9732-4799
Danilo,Barbosa,Lechters Housewares,Cytotechnologist,"Rua Leodário Pereira, 1569",DaniloFernandesBarbosa@rhyta.com,(54) 9141-7347
Isabela,Martins,MagnaSolution,Database administrator,"Rua Cadis, 1950",IsabelaBarbosaMartins@armyspy.com,(44) 6688-4297
José,Gomes,Netobill,In home service professional,"Rua do Geógrafo, 346",JosePereiraGomes@teleworm.us,(34) 2906-9920
Luis,Pereira,Galyan's,Gynecologic sonographer,"Rua São Miguel, 348",LuisMeloPereira@rhyta.com,(19) 8118-5135
Lara,Cavalcanti,Asian Junction,Claims adjuster,"Rua Abegoaria, 1004",LaraPereiraCavalcanti@armyspy.com,(11) 7487-7154
Anna,Souza,Pro Garden Management,Lease driver,"Rua Doutor João Grieco, 1100",AnnaMartinsSouza@dayrep.com,(11) 3246-8059
Júlio,Alves,Service Merchandise,Claims appraiser,"Rua Mandirituba, 1976",JulioRodriguesAlves@rhyta.com,(11) 4405-2058
Sarah,Barbosa,Asiatic Solutions,"Heating, air-conditioning, and refrigeration engineer","Rua José Brandão, 1324",SarahAraujoBarbosa@dayrep.com,(47) 9764-7852
Alice,Barros,Chi-Chi's,Assistant manager,"Rua Rio Preto, 485",AliceBarbosaBarros@jourrapide.com,(34) 5972-8664
Isabella,Santos,Budget Tapes & Records,Fabric mender,"Avenida Nestor Camillo de Oliveira, 1287",IsabellaFerreiraSantos@dayrep.com,(27) 3270-3286
Beatrice,Araujo,Life Map Planners,PBX operator,"Quadra CLS 203 Bloco B, 989",BeatriceCavalcantiAraujo@teleworm.us,(61) 4595-2779
Anna,Ferreira,Gold Leaf Garden Management,Facilitator,"Travessa Vargem Bonita, 1138",AnnaPereiraFerreira@armyspy.com,(85) 4489-6306
Alex,Santos,Electronics Source,Esthetician,"Travessa Santo Antônio, 823",AlexMeloSantos@teleworm.us,(21) 5387-4574
Samuel,Pereira,Total Yard Management,"Extruding, forming, pressing, and compacting machine tender","Travessa Mar da Noruega, 992",SamuelAraujoPereira@dayrep.com,(87) 6239-2354
Vitoria,Oliveira,National Record Mart,"Forest, conservation, and logging worker","Rua Nove, 1039",VitoriaBarbosaOliveira@armyspy.com,(13) 3760-4120
Bruno,Goncalves,Chatham,Gaming manager,"Rua Pinto de Moura, 737",BrunoGomesGoncalves@rhyta.com,(32) 8230-3452
Matheus,Ferreira,Hill-Behan,Electronics repairer,"Rua Terezinha Rodrigues, 1764",MatheusCastroFerreira@jourrapide.com,(19) 5021-8757
Thaís,Lima,Monk Real Estate Service,Referee,"Praça Padre Roque Gonzales, 1790",ThaisBarrosLima@rhyta.com,(55) 8718-8214
Brenda,Souza,Sunflower Market,Longshoremen,"Rua José Ubaldo Lomônaco, 57",BrendaAraujoSouza@jourrapide.com,(11) 4980-3086
Amanda,Azevedo,The Record Shops at TSS,Broker associate,"Travessa São José, 101",AmandaBarbosaAzevedo@rhyta.com,(84) 8230-8355
Thaís,Fernandes,Wherehouse Music,Instructional designer,"Rua Dezoito, 1985",ThaisMartinsFernandes@teleworm.us,(35) 8984-4157
Beatrice,Santos,Anthony's,Ornamental ironworker,"Praça Doutor Humberto Delboni, 112",BeatriceDiasSantos@armyspy.com,(11) 8167-2146
Camila,Barros,Cougar Investment,Farm product inspector,"Rua Arandu, 650",CamilaPintoBarros@teleworm.us,(11) 9985-3405
Igor,Barbosa,Eli Moore Inc,Executive administrative assistant,"Rua Rancho Alto, 1748",IgorDiasBarbosa@teleworm.us,(22) 6219-5096
Carla,Pinto,Micro Design,Construction and maintenance painter,"Viela Planalto, 1034",CarlaMartinsPinto@rhyta.com,(11) 7525-8638
Breno,Fernandes,Pup 'N' Taco,Forest fire prevention specialist,"Rua José Ovídio Guerra, 894",BrenoRochaFernandes@teleworm.us,(31) 7235-5066
Ágatha,Rocha,Cut Rite Lawn Care,Speech writer,"Alameda Alípia Queirós da Mota, 175",AgathaAlvesRocha@teleworm.us,(91) 9938-3003
Júlio,Almeida,Choices,Maintenance electrician,"Rua Esperança, 1263",JulioSousaAlmeida@teleworm.us,(11) 3984-5321
Gustavo,Ferreira,Henry's Hamburgers,Multiple machine tool setter,"Avenida Dorival Arlindo Falcone, 516",GustavoCarvalhoFerreira@jourrapide.com,(16) 2239-3087
Felipe,Santos,Little Tavern,Office clerk,"Rua Vitória, 446",FelipeGoncalvesSantos@jourrapide.com,(81) 4417-7036
Lara,Goncalves,Midwest TV & Appliance,Computer support specialist,"Rua Jerônimo de Albuquerque, 1831",LaraBarrosGoncalves@jourrapide.com,(11) 8198-8257
Júlio,Pereira,Kinney Shoes,Armed Forces,"Rua Vitória, 509",JulioCavalcantiPereira@teleworm.us,(31) 7293-6778
Kauan,Gomes,Magna Gases,University dean,"Vila Pedro, 291",KauanPintoGomes@dayrep.com,(71) 3457-4091
Camila,Cardoso,Affinity Investment Group,Psychiatrist,"Rua Galdino Gerônimo Vieira, 1841",CamilaPereiraCardoso@teleworm.us,(47) 8753-4646
Estevan,Martins,Success Is Yours,Quality auditor,"Rua Afonso Celso, 556",EstevanGoncalvesMartins@armyspy.com,(11) 3664-9507
Maria,Lima,Harold Powell,Food service worker,"Rua Quatro, 1438",MariaFerreiraLima@rhyta.com,(98) 5503-3750
Sarah,Silva,David Weis,Agricultural product sorter,"Rua Serafim Prates Garcia, 1117",SarahCostaSilva@rhyta.com,(55) 9107-8548
Mateus,Silva,Carter's Foods,FBI agent,"Rua Ismênia Vieira de Alencar, 1379",MateusCardosoSilva@dayrep.com,(41) 2440-2354
Davi,Santos,Bonanza Produce Stores,Continuous mining machine operator,"Rua Antônio Muniz Machado, 1705",DaviCorreiaSantos@rhyta.com,(21) 6729-9549
Amanda,Araujo,John M. Smyth's Homemakers,Teacher aide,"Rua Doutor Teles de Meneses, 1536",AmandaCostaAraujo@rhyta.com,(62) 5719-8391
Maria,Azevedo,System Star,Vocational nurse,"Rua Militão Policarpo Ferreira, 1077",MariaCostaAzevedo@rhyta.com,(17) 2400-2377
Antônio,Pereira,Custom Sound,Cartographer,"Rodovia AL-220, 602",AntonioCostaPereira@armyspy.com,(82) 9926-5900
Antônio,Lima,Lone Wolf Wealth Planning,Industrial engineer,"Quadra Quadra 02 Conjunto A, 1315",AntonioRochaLima@dayrep.com,(61) 4912-3834
Isabela,Gomes,Magna Architectural Design,Edition binding worker,"Alameda Argentina, 1315",IsabelaCunhaGomes@rhyta.com,(11) 3815-6571
Leonardo,Oliveira,Zephyr Investments,Archaeologist,"Rua DW-86, 1200",LeonardoSilvaOliveira@dayrep.com,(31) 9801-8116
Giovanna,Castro,Matrix Architectural Service,Home health nurse,"Quadra Quadra 017, 1018",GiovannaDiasCastro@rhyta.com,(61) 3471-8941
Matilde,Oliveira,Tradewell,Histology technician,"Rua Afonso Aleixo, 975",MatildeLimaOliveira@armyspy.com,(41) 4109-6322
Alice,Castro,Silverwoods,Department head,"Rua das Flores, 1869",AliceFernandesCastro@jourrapide.com,(91) 4245-6854
Eduarda,Fernandes,Northern Reflections,Image consultant,"Rua Adalgiza Pontes Muniz, 1872",EduardaAlmeidaFernandes@rhyta.com,(15) 7087-4169
Marisa,Castro,Destiny Realty Solutions,Silversmith,"Rua Professor Aristóbulo de Freitas, 1574",MarisaCostaCastro@teleworm.us,(11) 7232-5424
Gabrielle,Dias,Rustler Steak House,Trader,"Rua Paula Bahia V. Lopes, 696",GabrielleCavalcantiDias@jourrapide.com,(31) 2394-4736
Fábio,Alves,Century House,Head hunter,"Travessa Dutra Rodrigues, 887",FabioCostaAlves@dayrep.com,(21) 6470-5912
Maria,Dias,Planet Pizza,Marine surveyor,"Rua Itacambira, 1267",MariaSouzaDias@jourrapide.com,(81) 6724-6414
Vinícius,Alves,Hill-Behan,Support staff specialist,"Rua Parnaguá, 512",ViniciusMeloAlves@jourrapide.com,(81) 6917-7945
Giovanna,Carvalho,Loblaws,Vascular technologist,"Rua Francisco Alves, 275",GiovannaSouzaCarvalho@armyspy.com,(85) 3077-6197
Rodrigo,Lima,HomeBase,Bench technician,"Rua Paulino Albuquerque, 219",RodrigoRochaLima@jourrapide.com,(83) 5602-5892
Anna,Silva,Kleinhans,Medical assistant,"Rua Joaquim Távora, 672",AnnaGoncalvesSilva@armyspy.com,(11) 3020-4567
Livia,Sousa,Listen Up,Economist,"Rua Benedito Alves, 1692",LiviaSouzaSousa@dayrep.com,(21) 4857-3799
Vinícius,Goncalves,National Hardgoods Distributors,Bench carpenter,"Rua Francisco Príncipe, 1921",ViniciusCostaGoncalves@armyspy.com,(11) 7844-3199
Isabelle,Cunha,Wherehouse Music,Payroll specialist,"Rua Ronaldo Mourt Queiroz, 112",IsabelleAlmeidaCunha@dayrep.com,(21) 6713-3463
Emily,Ribeiro,Parts and Pieces,Power distributor,"Rua Maués, 1465",EmilyBarrosRibeiro@armyspy.com,(67) 2351-5234
Marisa,Silva,Big A Auto Parts,Bookbinder,"Praça Santo Antonio, 1349",MarisaPintoSilva@teleworm.us,(11) 2392-9720
Emilly,Costa,Olympic Sports,Independent agent,"Rua Anambé-açu, 857",EmillyCunhaCosta@rhyta.com,(43) 7816-4084
Vitor,Sousa,BASCO,Real estate assessor,"Rua Carlos Drumond de Andrade, 1844",VitorDiasSousa@teleworm.us,(28) 9800-7516
Otávio,Costa,Buttrey Food & Drug,Amusement and recreation attendant,"Rua Mangueira da Ribeira, 1689",OtavioRodriguesCosta@rhyta.com,(71) 3032-3335
Carlos,Araujo,Muscle Factory,Structural and reinforcing iron and metal worker,"Rua Claudionor Henrique, 928",CarlosFernandesAraujo@teleworm.us,(34) 7778-7650
Luana,Barbosa,Integra Wealth,Forging machine tender,"Via Roma, 820",LuanaSantosBarbosa@teleworm.us,(11) 6968-7438
Luís,Martins,Roberd's,Network architect,"Rua Américo Brandi, 1892",LuisCunhaMartins@rhyta.com,(14) 7346-5331
Manuela,Martins,Jeans Unlimited,Conference planner,"Rua Nane Marcon, 1443",ManuelaSouzaMartins@jourrapide.com,(19) 6975-5967
Diego,Azevedo,Market Basket,Safety technician,"Avenida Nativo Alves Bastos, 887",DiegoRibeiroAzevedo@rhyta.com,(66) 6069-8295
Pedro,Ribeiro,d.e.m.o.,Electrocardiograph (EKG) technician,"Rua Castro Alves, 186",PedroBarbosaRibeiro@jourrapide.com,(64) 7886-4724
Lara,Gomes,Rainbow Bay Crafts,U.S. marshal,"Travessa Tenente João Minas, 1874",LaraBarbosaGomes@jourrapide.com,(11) 9239-5964
Leonor,Santos,MagnaSolution,Organizational development manager,"Rua Dezessete, 974",LeonorRodriguesSantos@rhyta.com,(33) 5765-5326
Maria,Cavalcanti,Colonial Stores,Respiratory nurse,"Rua Benedita Rebelo Leite, 1372",MariaCardosoCavalcanti@teleworm.us,(21) 7960-9601
Leonardo,Azevedo,Robinson Furniture,Emergency physician,"Rua Lindomar Chaves, 1706",LeonardoMartinsAzevedo@rhyta.com,(54) 3633-8474
Lavinia,Pinto,Almacs,Auditor,"Rua Visconde de Ferreira Pinto, 579",LaviniaLimaPinto@dayrep.com,(55) 4711-6787
Evelyn,Dias,Lee Wards,Safe repairer,"Rua Augusto Leite Figueiredo, 1441",EvelynGoncalvesDias@jourrapide.com,(67) 5417-3894
Caio,Ribeiro,Monk Home Improvements,Electrical drafter,"Praça Emília Molina, 1574",CaioMeloRibeiro@dayrep.com,(12) 3574-7991
Beatrice,Rodrigues,Wellby,Community health educator,"Rua Arthur Hameister, 961",BeatriceFerreiraRodrigues@armyspy.com,(53) 7527-8342
Gabriela,Cardoso,On Cue,Measurer,"Rua Bela Ribeiro, 1818",GabrielaPereiraCardoso@rhyta.com,(34) 5596-8224
Laura,Barbosa,Sherman's,Locker room attendant,"Rua Grécia, 233",LauraFernandesBarbosa@armyspy.com,(86) 9733-4529
Emily,Castro,Earl Abel's,Employment counselor,"Rua Madrid, 1698",EmilyRochaCastro@teleworm.us,(51) 9071-9046
Eduarda,Silva,Megatronic Plus,Data processing equipment repairer,"Rua Franciscano, 1837",EduardaFerreiraSilva@jourrapide.com,(85) 2136-5877
Emilly,Ferreira,Bountiful Harvest Health Food Store,"Court, municipal, and license clerk","Rua Mônaco, 1728",EmillySouzaFerreira@dayrep.com,(18) 7192-5294
