First Name,Last Name,Company Name,Role in Company,Address,Email,Phone Number
Kai,Dias,Pump operator,Packer,"Rua Rio Grande do Sul, 1912",KaiAlvesDias@teleworm.us,(27) 2055-5543
Eduardo,Carvalho,Aircraft electronics specialist,Envirotecture Design Service,"Avenida Perimetral, 145",EduardoSouzaCarvalho@jourrapide.com,(65) 5484-8777
Cauã,Melo,Clinical dietitian,Kids Mart,"Avenida Marechal Castelo Branco, 146",CauaCorreiaMelo@dayrep.com,(49) 9860-8842
Brenda,Fernandes,Administrative supervisor,John M. Smyth's Homemakers,"Rua Jorge Veiga, 1948",BrendaSousaFernandes@jourrapide.com,(18) 9671-9757
Raissa,Ferreira,Cardiac sonographer,Pak and Save,"Estrada do Rosario, 915",RaissaFernandesFerreira@armyspy.com,(21) 3834-7891
