{
  "timestamp": "2023-10-23T15:08:56.597Z",
  "versions": [
    { "version": "113.0.5672.0", "revision": "1121455" },
    { "version": "113.0.5672.35", "revision": "1121455" },
    { "version": "113.0.5672.63", "revision": "1121455" },
    { "version": "114.0.5696.0", "revision": "1126269" },
    { "version": "114.0.5708.0", "revision": "1128351" },
    { "version": "114.0.5709.0", "revision": "1128544" },
    { "version": "114.0.5710.0", "revision": "1128838" },
    { "version": "114.0.5711.3", "revision": "1129160" },
    { "version": "114.0.5713.0", "revision": "1129764" },
    { "version": "114.0.5715.0", "revision": "1130383" },
    { "version": "114.0.5718.0", "revision": "1131255" },
    { "version": "114.0.5720.4", "revision": "1131806" },
    { "version": "114.0.5722.0", "revision": "1132406" },
    { "version": "114.0.5724.0", "revision": "1133010" },
    { "version": "114.0.5728.0", "revision": "1134211" },
    { "version": "114.0.5732.0", "revision": "1134492" },
    { "version": "114.0.5733.0", "revision": "1134875" },
    { "version": "114.0.5734.0", "revision": "1135105" },
    { "version": "114.0.5735.0", "revision": "1135570" },
    { "version": "114.0.5735.2", "revision": "1135570" },
    { "version": "114.0.5735.3", "revision": "1135570" },
    { "version": "114.0.5735.6", "revision": "1135570" },
    { "version": "114.0.5735.16", "revision": "1135570" },
    { "version": "114.0.5735.26", "revision": "1135570" },
    { "version": "114.0.5735.35", "revision": "1135570" },
    { "version": "114.0.5735.45", "revision": "1135570" },
    { "version": "114.0.5735.90", "revision": "1135570" },
    { "version": "114.0.5735.133", "revision": "1135570" },
    { "version": "115.0.5739.0", "revision": "1137062" },
    { "version": "115.0.5740.0", "revision": "1137381" },
    { "version": "115.0.5741.0", "revision": "1137540" },
    { "version": "115.0.5742.0", "revision": "1137597" },
    { "version": "115.0.5743.0", "revision": "1137649" },
    { "version": "115.0.5744.0", "revision": "1137693" },
    { "version": "115.0.5747.0", "revision": "1138227" },
    { "version": "115.0.5749.0", "revision": "1138853" },
    { "version": "115.0.5750.0", "revision": "1139213" },
    { "version": "115.0.5751.0", "revision": "1139420" },
    { "version": "115.0.5751.2", "revision": "1139420" },
    { "version": "115.0.5752.2", "revision": "1139747" },
    { "version": "115.0.5753.0", "revision": "1140026" },
    { "version": "115.0.5755.0", "revision": "1140505" },
    { "version": "115.0.5756.0", "revision": "1140562" },
    { "version": "115.0.5757.0", "revision": "1140605" },
    { "version": "115.0.5758.0", "revision": "1140660" },
    { "version": "115.0.5759.0", "revision": "1140771" },
    { "version": "115.0.5761.0", "revision": "1141255" },
    { "version": "115.0.5762.0", "revision": "1141636" },
    { "version": "115.0.5762.4", "revision": "1141636" },
    { "version": "115.0.5763.0", "revision": "1141961" },
    { "version": "115.0.5765.0", "revision": "1142638" },
    { "version": "115.0.5767.0", "revision": "1143188" },
    { "version": "115.0.5768.0", "revision": "1143535" },
    { "version": "115.0.5769.0", "revision": "1143659" },
    { "version": "115.0.5770.0", "revision": "1143717" },
    { "version": "115.0.5771.0", "revision": "1143768" },
    { "version": "115.0.5772.0", "revision": "1143816" },
    { "version": "115.0.5773.0", "revision": "1143970" },
    { "version": "115.0.5773.4", "revision": "1143970" },
    { "version": "115.0.5776.0", "revision": "1144913" },
    { "version": "115.0.5777.0", "revision": "1145253" },
    { "version": "115.0.5781.0", "revision": "1146449" },
    { "version": "115.0.5785.0", "revision": "1146924" },
    { "version": "115.0.5789.0", "revision": "1147785" },
    { "version": "115.0.5790.3", "revision": "1148114" },
    { "version": "115.0.5790.13", "revision": "1148114" },
    { "version": "115.0.5790.24", "revision": "1148114" },
    { "version": "115.0.5790.56", "revision": "1148114" },
    { "version": "115.0.5790.75", "revision": "1148114" },
    { "version": "115.0.5790.90", "revision": "1148114" },
    { "version": "115.0.5790.98", "revision": "1148114" },
    { "version": "115.0.5790.102", "revision": "1148114" },
    { "version": "115.0.5790.170", "revision": "1148114" },
    { "version": "116.0.5791.0", "revision": "1148734" },
    { "version": "116.0.5793.0", "revision": "1149362" },
    { "version": "116.0.5794.0", "revision": "1149650" },
    { "version": "116.0.5795.0", "revision": "1149910" },
    { "version": "116.0.5796.0", "revision": "1150060" },
    { "version": "116.0.5797.0", "revision": "1150092" },
    { "version": "116.0.5798.0", "revision": "1150119" },
    { "version": "116.0.5799.0", "revision": "1150153" },
    { "version": "116.0.5800.0", "revision": "1150233" },
    { "version": "116.0.5801.0", "revision": "1150339" },
    { "version": "116.0.5802.0", "revision": "1150467" },
    { "version": "116.0.5803.2", "revision": "1150927" },
    { "version": "116.0.5804.0", "revision": "1151137" },
    { "version": "116.0.5805.0", "revision": "1151458" },
    { "version": "116.0.5806.0", "revision": "1151747" },
    { "version": "116.0.5807.0", "revision": "1152177" },
    { "version": "116.0.5808.0", "revision": "1152408" },
    { "version": "116.0.5808.2", "revision": "1152408" },
    { "version": "116.0.5809.0", "revision": "1152779" },
    { "version": "116.0.5809.2", "revision": "1152779" },
    { "version": "116.0.5810.0", "revision": "1152911" },
    { "version": "116.0.5812.0", "revision": "1152982" },
    { "version": "116.0.5815.0", "revision": "1153505" },
    { "version": "116.0.5816.0", "revision": "1153781" },
    { "version": "116.0.5817.0", "revision": "1154142" },
    { "version": "116.0.5818.0", "revision": "1154341" },
    { "version": "116.0.5825.0", "revision": "1155940" },
    { "version": "116.0.5827.0", "revision": "1156019" },
    { "version": "116.0.5828.0", "revision": "1156133" },
    { "version": "116.0.5829.0", "revision": "1156474" },
    { "version": "116.0.5832.0", "revision": "1157454" },
    { "version": "116.0.5835.0", "revision": "1158473" },
    { "version": "116.0.5839.0", "revision": "1159338" },
    { "version": "116.0.5840.0", "revision": "1159381" },
    { "version": "116.0.5841.0", "revision": "1159417" },
    { "version": "116.0.5842.0", "revision": "1159539" },
    { "version": "116.0.5843.0", "revision": "1159742" },
    { "version": "116.0.5844.0", "revision": "1159949" },
    { "version": "116.0.5845.0", "revision": "1160321" },
    { "version": "116.0.5845.2", "revision": "1160321" },
    { "version": "116.0.5845.3", "revision": "1160321" },
    { "version": "116.0.5845.4", "revision": "1160321" },
    { "version": "116.0.5845.14", "revision": "1160321" },
    { "version": "116.0.5845.32", "revision": "1160321" },
    { "version": "116.0.5845.42", "revision": "1160321" },
    { "version": "116.0.5845.49", "revision": "1160321" },
    { "version": "116.0.5845.62", "revision": "1160321" },
    { "version": "116.0.5845.82", "revision": "1160321" },
    { "version": "116.0.5845.96", "revision": "1160321" },
    { "version": "117.0.5846.0", "revision": "1160924" },
    { "version": "117.0.5847.0", "revision": "1161139" },
    { "version": "117.0.5848.2", "revision": "1161428" },
    { "version": "117.0.5849.2", "revision": "1161677" },
    { "version": "117.0.5851.0", "revision": "1162091" },
    { "version": "117.0.5853.0", "revision": "1162169" },
    { "version": "117.0.5854.0", "revision": "1162203" },
    { "version": "117.0.5855.0", "revision": "1162309" },
    { "version": "117.0.5857.0", "revision": "1162865" },
    { "version": "117.0.5857.2", "revision": "1162865" },
    { "version": "117.0.5858.0", "revision": "1163273" },
    { "version": "117.0.5859.0", "revision": "1163472" },
    { "version": "117.0.5860.2", "revision": "1163728" },
    { "version": "117.0.5863.0", "revision": "1164572" },
    { "version": "117.0.5864.0", "revision": "1164922" },
    { "version": "117.0.5865.0", "revision": "1165036" },
    { "version": "117.0.5866.0", "revision": "1165081" },
    { "version": "117.0.5867.0", "revision": "1165107" },
    { "version": "117.0.5869.0", "revision": "1165256" },
    { "version": "117.0.5870.0", "revision": "1165409" },
    { "version": "117.0.5871.0", "revision": "1165533" },
    { "version": "117.0.5872.0", "revision": "1165701" },
    { "version": "117.0.5873.0", "revision": "1165863" },
    { "version": "117.0.5874.0", "revision": "1166240" },
    { "version": "117.0.5875.0", "revision": "1166388" },
    { "version": "117.0.5876.0", "revision": "1166757" },
    { "version": "117.0.5877.0", "revision": "1167357" },
    { "version": "117.0.5878.0", "revision": "1167646" },
    { "version": "117.0.5879.0", "revision": "1167750" },
    { "version": "117.0.5880.4", "revision": "1167801" },
    { "version": "117.0.5881.0", "revision": "1167951" },
    { "version": "117.0.5882.0", "revision": "1168285" },
    { "version": "117.0.5883.0", "revision": "1168599" },
    { "version": "117.0.5884.0", "revision": "1168943" },
    { "version": "117.0.5885.0", "revision": "1169218" },
    { "version": "117.0.5886.0", "revision": "1169450" },
    { "version": "117.0.5887.0", "revision": "1169837" },
    { "version": "117.0.5888.0", "revision": "1170061" },
    { "version": "117.0.5889.0", "revision": "1170385" },
    { "version": "117.0.5890.0", "revision": "1170663" },
    { "version": "117.0.5892.0", "revision": "1170923" },
    { "version": "117.0.5893.0", "revision": "1170988" },
    { "version": "117.0.5894.0", "revision": "1171104" },
    { "version": "117.0.5895.0", "revision": "1171312" },
    { "version": "117.0.5896.0", "revision": "1171644" },
    { "version": "117.0.5897.0", "revision": "1171982" },
    { "version": "117.0.5897.3", "revision": "1171982" },
    { "version": "117.0.5898.0", "revision": "1172250" },
    { "version": "117.0.5899.0", "revision": "1172545" },
    { "version": "117.0.5900.0", "revision": "1172838" },
    { "version": "117.0.5900.2", "revision": "1172838" },
    { "version": "117.0.5901.0", "revision": "1173181" },
    { "version": "117.0.5902.0", "revision": "1173377" },
    { "version": "117.0.5902.2", "revision": "1173377" },
    { "version": "117.0.5903.2", "revision": "1173693" },
    { "version": "117.0.5904.0", "revision": "1173838" },
    { "version": "117.0.5905.0", "revision": "1173897" },
    { "version": "117.0.5906.0", "revision": "1173942" },
    { "version": "117.0.5907.0", "revision": "1174000" },
    { "version": "117.0.5908.0", "revision": "1174124" },
    { "version": "117.0.5910.0", "revision": "1174744" },
    { "version": "117.0.5911.0", "revision": "1175078" },
    { "version": "117.0.5911.2", "revision": "1175078" },
    { "version": "117.0.5912.0", "revision": "1175363" },
    { "version": "117.0.5914.0", "revision": "1175970" },
    { "version": "117.0.5915.0", "revision": "1176304" },
    { "version": "117.0.5916.0", "revision": "1176526" },
    { "version": "117.0.5917.0", "revision": "1176764" },
    { "version": "117.0.5918.0", "revision": "1176938" },
    { "version": "117.0.5920.0", "revision": "1177020" },
    { "version": "117.0.5922.0", "revision": "1177152" },
    { "version": "117.0.5922.2", "revision": "1177152" },
    { "version": "117.0.5923.0", "revision": "1177453" },
    { "version": "117.0.5924.2", "revision": "1177682" },
    { "version": "117.0.5925.0", "revision": "1178065" },
    { "version": "117.0.5926.0", "revision": "1178349" },
    { "version": "117.0.5927.0", "revision": "1178629" },
    { "version": "117.0.5928.0", "revision": "1178942" },
    { "version": "117.0.5929.0", "revision": "1179256" },
    { "version": "117.0.5930.0", "revision": "1179484" },
    { "version": "117.0.5931.0", "revision": "1179742" },
    { "version": "117.0.5932.0", "revision": "1180021" },
    { "version": "117.0.5933.0", "revision": "1180042" },
    { "version": "117.0.5934.0", "revision": "1180080" },
    { "version": "117.0.5935.0", "revision": "1180206" },
    { "version": "117.0.5936.0", "revision": "1180530" },
    { "version": "117.0.5937.0", "revision": "1180811" },
    { "version": "117.0.5938.0", "revision": "1181205" },
    { "version": "117.0.5938.2", "revision": "1181205" },
    { "version": "117.0.5938.4", "revision": "1181205" },
    { "version": "117.0.5938.11", "revision": "1181205" },
    { "version": "117.0.5938.22", "revision": "1181205" },
    { "version": "117.0.5938.35", "revision": "1181205" },
    { "version": "117.0.5938.48", "revision": "1181205" },
    { "version": "117.0.5938.62", "revision": "1181205" },
    { "version": "117.0.5938.88", "revision": "1181205" },
    { "version": "117.0.5938.92", "revision": "1181205" },
    { "version": "117.0.5938.149", "revision": "1181205" },
    { "version": "118.0.5939.0", "revision": "1181699" },
    { "version": "118.0.5940.0", "revision": "1181990" },
    { "version": "118.0.5941.0", "revision": "1182340" },
    { "version": "118.0.5942.0", "revision": "1182511" },
    { "version": "118.0.5943.0", "revision": "1182793" },
    { "version": "118.0.5950.0", "revision": "1183546" },
    { "version": "118.0.5951.0", "revision": "1183763" },
    { "version": "118.0.5952.2", "revision": "1184085" },
    { "version": "118.0.5953.0", "revision": "1184296" },
    { "version": "118.0.5954.0", "revision": "1184603" },
    { "version": "118.0.5955.0", "revision": "1184863" },
    { "version": "118.0.5956.4", "revision": "1185115" },
    { "version": "118.0.5957.0", "revision": "1185407" },
    { "version": "118.0.5958.0", "revision": "1185524" },
    { "version": "118.0.5959.0", "revision": "1185562" },
    { "version": "118.0.5960.0", "revision": "1185618" },
    { "version": "118.0.5961.0", "revision": "1185653" },
    { "version": "118.0.5962.0", "revision": "1185769" },
    { "version": "118.0.5964.0", "revision": "1186366" },
    { "version": "118.0.5966.0", "revision": "1187151" },
    { "version": "118.0.5968.0", "revision": "1187707" },
    { "version": "118.0.5969.0", "revision": "1188068" },
    { "version": "118.0.5970.0", "revision": "1188244" },
    { "version": "118.0.5971.0", "revision": "1188545" },
    { "version": "118.0.5972.0", "revision": "1188679" },
    { "version": "118.0.5973.0", "revision": "1188723" },
    { "version": "118.0.5974.0", "revision": "1188764" },
    { "version": "118.0.5975.0", "revision": "1188799" },
    { "version": "118.0.5976.0", "revision": "1188905" },
    { "version": "118.0.5977.0", "revision": "1189217" },
    { "version": "118.0.5978.0", "revision": "1189418" },
    { "version": "118.0.5979.0", "revision": "1189757" },
    { "version": "118.0.5980.0", "revision": "1189999" },
    { "version": "118.0.5981.0", "revision": "1190382" },
    { "version": "118.0.5982.0", "revision": "1190646" },
    { "version": "118.0.5993.0", "revision": "1192594" },
    { "version": "118.0.5993.3", "revision": "1192594" },
    { "version": "118.0.5993.18", "revision": "1192594" },
    { "version": "118.0.5993.32", "revision": "1192594" },
    { "version": "118.0.5993.54", "revision": "1192594" },
    { "version": "118.0.5993.70", "revision": "1192594" },
    { "version": "119.0.5997.0", "revision": "1193999" },
    { "version": "119.0.5999.0", "revision": "1194462" },
    { "version": "119.0.6000.0", "revision": "1194527" },
    { "version": "119.0.6001.0", "revision": "1194570" },
    { "version": "119.0.6002.0", "revision": "1194627" },
    { "version": "119.0.6003.0", "revision": "1194755" },
    { "version": "119.0.6004.0", "revision": "1194959" },
    { "version": "119.0.6005.0", "revision": "1195292" },
    { "version": "119.0.6007.0", "revision": "1195881" },
    { "version": "119.0.6008.0", "revision": "1196163" },
    { "version": "119.0.6018.0", "revision": "1198284" },
    { "version": "119.0.6018.4", "revision": "1198284" },
    { "version": "119.0.6020.2", "revision": "1198929" },
    { "version": "119.0.6022.0", "revision": "1199477" },
    { "version": "119.0.6023.0", "revision": "1199825" },
    { "version": "119.0.6024.0", "revision": "1200090" },
    { "version": "119.0.6026.0", "revision": "1200638" },
    { "version": "119.0.6027.0", "revision": "1200682" },
    { "version": "119.0.6028.0", "revision": "1200725" },
    { "version": "119.0.6029.0", "revision": "1200781" },
    { "version": "119.0.6034.3", "revision": "1201974" },
    { "version": "119.0.6036.0", "revision": "1202576" },
    { "version": "119.0.6039.0", "revision": "1203503" },
    { "version": "119.0.6040.0", "revision": "1203661" },
    { "version": "119.0.6041.0", "revision": "1203717" },
    { "version": "119.0.6042.0", "revision": "1203758" },
    { "version": "119.0.6044.0", "revision": "1203869" },
    { "version": "119.0.6045.0", "revision": "1204232" },
    { "version": "119.0.6045.6", "revision": "1204232" },
    { "version": "119.0.6045.9", "revision": "1204232" },
    { "version": "119.0.6045.21", "revision": "1204232" },
    { "version": "120.0.6046.0", "revision": "1204916" },
    { "version": "120.0.6048.0", "revision": "1205593" },
    { "version": "120.0.6049.0", "revision": "1205809" },
    { "version": "120.0.6050.0", "revision": "1206167" },
    { "version": "120.0.6051.0", "revision": "1206341" },
    { "version": "120.0.6051.2", "revision": "1206341" },
    { "version": "120.0.6055.0", "revision": "1206888" },
    { "version": "120.0.6057.0", "revision": "1207054" },
    { "version": "120.0.6061.0", "revision": "1208194" },
    { "version": "120.0.6062.2", "revision": "1208568" },
    { "version": "120.0.6065.0", "revision": "1209401" },
    { "version": "120.0.6066.0", "revision": "1209732" },
    { "version": "120.0.6067.0", "revision": "1209810" },
    { "version": "120.0.6068.0", "revision": "1209864" },
    { "version": "120.0.6069.0", "revision": "1209912" },
    { "version": "120.0.6070.0", "revision": "1209973" },
    { "version": "120.0.6071.0", "revision": "1210159" },
    { "version": "120.0.6072.0", "revision": "1210586" },
    { "version": "120.0.6073.0", "revision": "1210793" },
    { "version": "120.0.6075.0", "revision": "1211473" },
    { "version": "120.0.6077.0", "revision": "1212018" },
    { "version": "120.0.6078.0", "revision": "1212514" },
    { "version": "120.0.6079.0", "revision": "1212715" },
    { "version": "120.0.6080.0", "revision": "1213057" },
    { "version": "120.0.6081.0", "revision": "1213099" },
    { "version": "120.0.6082.0", "revision": "1213169" },
    { "version": "120.0.6084.0", "revision": "1213262" }
  ]
}
